FSRQ,DWJZ,LJJZ,SDATE,ACTUALSYI,NAVTYPE,JZZZL,SGZT,SHZT,FHFCZ,FHFCBZ,DTYPE,FHSP
2025-02-25,1.4922,2.8665,,,1,-0.49,限制大额申购,开放赎回,,,,
2025-02-24,1.4996,2.8739,,,1,-0.25,限制大额申购,开放赎回,,,,
2025-02-21,1.5034,2.8777,,,1,-0.58,限制大额申购,开放赎回,,,,
2025-02-20,1.5121,2.8864,,,1,-0.34,限制大额申购,开放赎回,,,,
2025-02-19,1.5173,2.8916,,,1,-0.75,限制大额申购,开放赎回,,,,
2025-02-18,1.5287,2.9030,,,1,-0.80,限制大额申购,开放赎回,,,,
2025-02-17,1.5410,2.9153,,,1,-1.01,限制大额申购,开放赎回,,,,
2025-02-14,1.5568,2.9311,,,1,-0.16,限制大额申购,开放赎回,,,,
2025-02-13,1.5593,2.9336,,,1,-0.20,限制大额申购,开放赎回,,,,
2025-02-12,1.5624,2.9367,,,1,-0.44,限制大额申购,开放赎回,,,,
2025-02-11,1.5693,2.9436,,,1,-0.36,限制大额申购,开放赎回,,,,
2025-02-10,1.5750,2.9493,,,1,-0.68,限制大额申购,开放赎回,,,,
2025-02-07,1.5858,2.9601,,,1,1.16,限制大额申购,开放赎回,,,,
2025-02-06,1.5676,2.9419,,,1,0.50,限制大额申购,开放赎回,,,,
2025-02-05,1.5598,2.9341,,,1,-1.89,限制大额申购,开放赎回,,,,
2025-01-27,1.5899,2.9642,,,1,0.77,限制大额申购,开放赎回,,,,
2025-01-24,1.5777,2.9520,,,1,0.75,限制大额申购,开放赎回,,,,
2025-01-23,1.5659,2.9402,,,1,0.37,限制大额申购,开放赎回,,,,
2025-01-22,1.5602,2.9345,,,1,-0.63,限制大额申购,开放赎回,,,,
2025-01-21,1.5701,2.9444,,,1,-1.20,限制大额申购,开放赎回,,,,
2025-01-20,1.5891,2.9634,,,1,-1.16,限制大额申购,开放赎回,,,,
2025-01-17,1.6078,2.9821,,,1,-0.51,限制大额申购,开放赎回,,,,
2025-01-16,1.6160,2.9903,,,1,1.73,限制大额申购,开放赎回,,,,
2025-01-15,1.5885,2.9628,,,1,-0.52,限制大额申购,开放赎回,,,,
2025-01-14,1.5968,2.9711,,,1,1.77,限制大额申购,开放赎回,,,,
2025-01-13,1.5691,2.9434,,,1,-0.14,限制大额申购,开放赎回,,,,
2025-01-10,1.5713,2.9456,,,1,-1.11,限制大额申购,开放赎回,,,,
2025-01-09,1.5889,2.9632,,,1,-1.34,限制大额申购,开放赎回,,,,
2025-01-08,1.6104,2.9847,,,1,-0.90,限制大额申购,开放赎回,,,,
2025-01-07,1.6251,2.9994,,,1,-1.14,限制大额申购,开放赎回,,,,
2025-01-06,1.6439,3.0182,,,1,-0.27,限制大额申购,开放赎回,,,,
2025-01-03,1.6484,3.0227,,,1,0.46,限制大额申购,开放赎回,,,,
2025-01-02,1.6409,3.0152,,,1,-2.49,限制大额申购,开放赎回,,,,
2024-12-31,1.6828,3.0571,,,1,-0.70,限制大额申购,开放赎回,,,,
2024-12-30,1.6947,3.0690,,,1,1.68,限制大额申购,开放赎回,,,,
2024-12-27,1.6667,3.0410,,,1,0.00,限制大额申购,开放赎回,,,,
2024-12-26,1.6667,3.0410,,,1,-0.93,限制大额申购,开放赎回,,,,
2024-12-25,1.6824,3.0567,,,1,0.84,限制大额申购,开放赎回,,,,
2024-12-24,1.6684,3.0427,,,1,0.42,限制大额申购,开放赎回,,,,
2024-12-23,1.6614,3.0357,,,1,-1.00,限制大额申购,开放赎回,,,,
2024-12-20,1.6781,3.0524,,,1,-1.95,限制大额申购,开放赎回,,,,
2024-12-19,1.7114,3.0857,,,1,-2.27,限制大额申购,开放赎回,,,,
2024-12-18,1.7511,3.1254,,,1,0.23,限制大额申购,开放赎回,,,,
2024-12-17,1.7470,3.1213,,,1,0.07,限制大额申购,开放赎回,,,,
2024-12-16,1.7458,3.1201,,,1,0.63,限制大额申购,开放赎回,,,,
2024-12-13,1.7349,3.1092,,,1,-2.71,限制大额申购,开放赎回,,,,
2024-12-12,1.7832,3.1575,,,1,-0.35,限制大额申购,开放赎回,,,,
2024-12-11,1.7895,3.1638,,,1,1.77,限制大额申购,开放赎回,,,,
2024-12-10,1.7584,3.1327,,,1,-0.45,限制大额申购,开放赎回,,,,
2024-12-09,1.7663,3.1406,,,1,-0.45,限制大额申购,开放赎回,,,,
2024-12-06,1.7743,3.1486,,,1,0.58,限制大额申购,开放赎回,,,,
2024-12-05,1.7640,3.1383,,,1,-0.49,限制大额申购,开放赎回,,,,
2024-12-04,1.7726,3.1469,,,1,1.46,限制大额申购,开放赎回,,,,
2024-12-03,1.7471,3.1214,,,1,1.10,限制大额申购,开放赎回,,,,
2024-12-02,1.7281,3.1024,,,1,0.63,限制大额申购,开放赎回,,,,
2024-11-29,1.7172,3.0915,,,1,1.15,限制大额申购,开放赎回,,,,
2024-11-28,1.6976,3.0719,,,1,-1.40,限制大额申购,开放赎回,,,,
2024-11-27,1.7217,3.0960,,,1,0.38,限制大额申购,开放赎回,,,,
2024-11-26,1.7151,3.0894,,,1,-0.67,限制大额申购,开放赎回,,,,
2024-11-25,1.7267,3.1010,,,1,-0.16,限制大额申购,开放赎回,,,,
2024-11-22,1.7294,3.1037,,,1,-3.30,限制大额申购,开放赎回,,,,
2024-11-21,1.7884,3.1627,,,1,0.13,限制大额申购,开放赎回,,,,
2024-11-20,1.7860,3.1603,,,1,0.43,限制大额申购,开放赎回,,,,
2024-11-19,1.7784,3.1527,,,1,-0.48,限制大额申购,开放赎回,,,,
2024-11-18,1.7870,3.1613,,,1,0.78,限制大额申购,开放赎回,,,,
2024-11-15,1.7732,3.1475,,,1,0.07,限制大额申购,开放赎回,,,,
2024-11-14,1.7719,3.1462,,,1,-1.58,限制大额申购,开放赎回,,,,
2024-11-13,1.8004,3.1747,,,1,0.59,限制大额申购,开放赎回,,,,
2024-11-12,1.7898,3.1641,,,1,-1.05,限制大额申购,开放赎回,,,,
2024-11-11,1.8088,3.1831,,,1,-1.38,限制大额申购,开放赎回,,,,
2024-11-08,1.8341,3.2084,,,1,-1.03,限制大额申购,开放赎回,,,,
2024-11-07,1.8532,3.2275,,,1,2.18,限制大额申购,开放赎回,,,,
2024-11-06,1.8136,3.1879,,,1,-1.28,限制大额申购,开放赎回,,,,
2024-11-05,1.8372,3.2115,,,1,0.62,限制大额申购,开放赎回,,,,
2024-11-04,1.8258,3.2001,,,1,0.58,限制大额申购,开放赎回,,,,
2024-11-01,1.8153,3.1896,,,1,1.58,限制大额申购,开放赎回,,,,
2024-10-31,1.7871,3.1614,,,1,-0.91,限制大额申购,开放赎回,,,,
2024-10-30,1.8035,3.1778,,,1,-1.17,限制大额申购,开放赎回,,,,
2024-10-29,1.8248,3.1991,,,1,-2.60,限制大额申购,开放赎回,,,,
2024-10-28,1.8736,3.2479,,,1,1.46,限制大额申购,开放赎回,,,,
2024-10-25,1.8467,3.2210,,,1,0.03,限制大额申购,开放赎回,,,,
2024-10-24,1.8462,3.2205,,,1,-0.92,限制大额申购,开放赎回,,,,
2024-10-23,1.8634,3.2377,,,1,-0.15,限制大额申购,开放赎回,,,,
2024-10-22,1.8662,3.2405,,,1,0.86,限制大额申购,开放赎回,,,,
2024-10-21,1.8502,3.2245,,,1,0.69,限制大额申购,开放赎回,,,,
2024-10-18,1.8375,3.2118,,,1,1.00,限制大额申购,开放赎回,,,,
2024-10-17,1.8193,3.1936,,,1,-0.70,限制大额申购,开放赎回,,,,
2024-10-16,1.8322,3.2065,,,1,-0.32,限制大额申购,开放赎回,,,,
2024-10-15,1.8381,3.2124,,,1,-2.72,限制大额申购,开放赎回,,,,
2024-10-14,1.8894,3.2637,,,1,2.43,限制大额申购,开放赎回,,,,
2024-10-11,1.8446,3.2189,,,1,-2.31,限制大额申购,开放赎回,,,,
2024-10-10,1.8883,3.2626,,,1,5.18,限制大额申购,开放赎回,,,,
2024-10-09,1.7953,3.1696,,,1,-7.67,限制大额申购,开放赎回,,,,
2024-10-08,1.9444,3.3187,,,1,0.34,限制大额申购,开放赎回,,,,
2024-09-30,1.9379,3.3122,,,1,6.23,限制大额申购,开放赎回,,,,
2024-09-27,1.8243,3.1986,,,1,2.80,限制大额申购,开放赎回,,,,
2024-09-26,1.7746,3.1489,,,1,4.29,限制大额申购,开放赎回,,,,
2024-09-25,1.7016,3.0759,,,1,0.25,限制大额申购,开放赎回,,,,
2024-09-24,1.6973,3.0716,,,1,5.72,限制大额申购,开放赎回,,,,
2024-09-23,1.6055,2.9798,,,1,1.56,限制大额申购,开放赎回,,,,
2024-09-20,1.5808,2.9551,,,1,0.38,限制大额申购,开放赎回,,,,
2024-09-19,1.5748,2.9491,,,1,1.03,限制大额申购,开放赎回,,,,
2024-09-18,1.5587,2.9330,,,1,2.83,限制大额申购,开放赎回,,,,
2024-09-13,1.5158,2.8901,,,1,-1.01,限制大额申购,开放赎回,,,,
2024-09-12,1.5313,2.9056,,,1,0.63,限制大额申购,开放赎回,,,,
2024-09-11,1.5217,2.8960,,,1,-1.34,限制大额申购,开放赎回,,,,
2024-09-10,1.5423,2.9166,,,1,0.01,限制大额申购,开放赎回,,,,
2024-09-09,1.5422,2.9165,,,1,-2.17,限制大额申购,开放赎回,,,,
2024-09-06,1.5764,2.9507,,,1,-1.70,限制大额申购,开放赎回,,,,
2024-09-05,1.6037,2.9780,,,1,-1.06,限制大额申购,开放赎回,,,,
2024-09-04,1.6208,2.9951,,,1,-1.36,限制大额申购,开放赎回,,,,
2024-09-03,1.6431,3.0174,,,1,-0.64,限制大额申购,开放赎回,,,,
2024-09-02,1.6537,3.0280,,,1,1.04,限制大额申购,开放赎回,,,,
2024-08-30,1.6366,3.0109,,,1,1.46,限制大额申购,开放赎回,,,,
2024-08-29,1.6131,2.9874,,,1,0.21,限制大额申购,开放赎回,,,,
2024-08-28,1.6097,2.9840,,,1,0.44,限制大额申购,开放赎回,,,,
2024-08-27,1.6026,2.9769,,,1,0.55,限制大额申购,开放赎回,,,,
2024-08-26,1.5939,2.9682,,,1,0.09,限制大额申购,开放赎回,,,,
2024-08-23,1.5924,2.9667,,,1,0.19,限制大额申购,开放赎回,,,,
2024-08-22,1.5894,2.9637,,,1,-0.78,限制大额申购,开放赎回,,,,
2024-08-21,1.6019,2.9762,,,1,-0.84,限制大额申购,开放赎回,,,,
2024-08-20,1.6155,2.9898,,,1,-3.62,限制大额申购,开放赎回,,,,
2024-08-19,1.6761,3.0504,,,1,-0.25,限制大额申购,开放赎回,,,,
2024-08-16,1.6803,3.0546,,,1,0.16,限制大额申购,开放赎回,,,,
2024-08-15,1.6776,3.0519,,,1,1.77,限制大额申购,开放赎回,,,,
2024-08-14,1.6485,3.0228,,,1,-1.66,限制大额申购,开放赎回,,,,
2024-08-13,1.6764,3.0507,,,1,-0.35,限制大额申购,开放赎回,,,,
2024-08-12,1.6823,3.0566,,,1,0.95,限制大额申购,开放赎回,,,,
2024-08-09,1.6664,3.0407,,,1,0.06,限制大额申购,开放赎回,,,,
2024-08-08,1.6654,3.0397,,,1,-0.75,限制大额申购,开放赎回,,,,
2024-08-07,1.6780,3.0523,,,1,0.97,限制大额申购,开放赎回,,,,
2024-08-06,1.6619,3.0362,,,1,1.77,限制大额申购,开放赎回,,,,
2024-08-05,1.6330,3.0073,,,1,-1.20,限制大额申购,开放赎回,,,,
2024-08-02,1.6528,3.0271,,,1,-0.87,限制大额申购,开放赎回,,,,
2024-08-01,1.6673,3.0416,,,1,-1.11,限制大额申购,开放赎回,,,,
2024-07-31,1.6861,3.0604,,,1,4.14,限制大额申购,开放赎回,,,,
2024-07-30,1.6190,2.9933,,,1,-1.20,限制大额申购,开放赎回,,,,
2024-07-29,1.6387,3.0130,,,1,-1.18,限制大额申购,开放赎回,,,,
2024-07-26,1.6582,3.0325,,,1,1.30,限制大额申购,开放赎回,,,,
2024-07-25,1.6370,3.0113,,,1,-0.82,限制大额申购,开放赎回,,,,
2024-07-24,1.6506,3.0249,,,1,-0.78,限制大额申购,开放赎回,,,,
2024-07-23,1.6636,3.0379,,,1,-1.97,限制大额申购,开放赎回,,,,
2024-07-22,1.6971,3.0714,,,1,-0.98,限制大额申购,开放赎回,,,,
2024-07-19,1.7139,3.0882,,,1,-0.30,限制大额申购,开放赎回,,,,
2024-07-18,1.7190,3.0933,,,1,0.71,限制大额申购,开放赎回,,,,
2024-07-17,1.7069,3.0812,,,1,-1.64,限制大额申购,开放赎回,,,,
2024-07-16,1.7354,3.1097,,,1,0.32,限制大额申购,开放赎回,,,,
2024-07-15,1.7299,3.1042,,,1,1.45,限制大额申购,开放赎回,,,,
2024-07-12,1.7051,3.0794,,,1,-2.05,限制大额申购,开放赎回,,,,
2024-07-11,1.7407,3.1150,,,1,0.91,限制大额申购,开放赎回,,,,
2024-07-10,1.7250,3.0993,,,1,-3.43,限制大额申购,开放赎回,,,,
2024-07-09,1.7862,3.1605,,,1,0.57,限制大额申购,开放赎回,,,,
2024-07-08,1.7761,3.1504,,,1,-2.00,限制大额申购,开放赎回,,,,
2024-07-05,1.8124,3.1867,,,1,-0.34,限制大额申购,开放赎回,,,,
2024-07-04,1.8186,3.1929,,,1,-1.32,限制大额申购,开放赎回,,,,
2024-07-03,1.8430,3.2173,,,1,-1.80,限制大额申购,开放赎回,,,,
2024-07-02,1.8768,3.2511,,,1,-1.08,限制大额申购,开放赎回,,,,
2024-07-01,1.8973,3.2716,,,1,3.06,限制大额申购,开放赎回,,,,
2024-06-30,1.8410,3.2153,,,0,-0.01,限制大额申购,开放赎回,,,,
2024-06-28,1.8411,3.2154,,,1,0.68,限制大额申购,开放赎回,,,,
2024-06-27,1.8286,3.2029,,,1,-1.46,限制大额申购,开放赎回,,,,
2024-06-26,1.8557,3.2300,,,1,-0.09,限制大额申购,开放赎回,,,,
2024-06-25,1.8574,3.2317,,,1,-0.53,限制大额申购,开放赎回,,,,
2024-06-24,1.8673,3.2416,,,1,-2.45,限制大额申购,开放赎回,,,,
2024-06-21,1.9142,3.2885,,,1,-0.88,限制大额申购,开放赎回,,,,
2024-06-20,1.9311,3.3054,,,1,0.75,限制大额申购,开放赎回,,,,
2024-06-19,1.9168,3.2911,,,1,-0.35,限制大额申购,开放赎回,,,,
2024-06-18,1.9236,3.2979,,,1,0.43,限制大额申购,开放赎回,,,,
2024-06-17,1.9154,3.2897,,,1,-2.45,限制大额申购,开放赎回,,,,
2024-06-14,1.9636,3.3379,,,1,-0.65,限制大额申购,开放赎回,,,,
2024-06-13,1.9764,3.3507,,,1,-1.10,限制大额申购,开放赎回,,,,
2024-06-12,1.9984,3.3727,,,1,3.20,限制大额申购,开放赎回,,,,
2024-06-11,1.9364,3.3107,,,1,-1.96,限制大额申购,开放赎回,,,,
2024-06-07,1.9751,3.3494,,,1,0.55,开放申购,开放赎回,,,,
2024-06-06,1.9642,3.3385,,,1,0.73,开放申购,开放赎回,,,,
2024-06-05,1.9500,3.3243,,,1,-1.57,开放申购,开放赎回,,,,
2024-06-04,1.9812,3.3555,,,1,-0.38,开放申购,开放赎回,,,,
2024-06-03,1.9887,3.3630,,,1,-0.17,开放申购,开放赎回,,,,
2024-05-31,1.9921,3.3664,,,1,0.18,开放申购,开放赎回,,,,
2024-05-30,1.9885,3.3628,,,1,-1.86,开放申购,开放赎回,,,,
2024-05-29,2.0262,3.4005,,,1,1.42,开放申购,开放赎回,,,,
2024-05-28,1.9978,3.3721,,,1,0.01,开放申购,开放赎回,,,,
2024-05-27,1.9977,3.3720,,,1,2.24,开放申购,开放赎回,,,,
2024-05-24,1.9539,3.3282,,,1,-0.36,开放申购,开放赎回,,,,
2024-05-23,1.9609,3.3352,,,1,-1.67,开放申购,开放赎回,,,,
2024-05-22,1.9942,3.3685,,,1,0.45,开放申购,开放赎回,,,,
2024-05-21,1.9852,3.3595,,,1,0.40,开放申购,开放赎回,,,,
2024-05-20,1.9772,3.3515,,,1,3.56,开放申购,开放赎回,,,,
2024-05-17,1.9092,3.2835,,,1,0.73,开放申购,开放赎回,,,,
2024-05-16,1.8953,3.2696,,,1,-0.29,开放申购,开放赎回,,,,
2024-05-15,1.9008,3.2751,,,1,0.75,开放申购,开放赎回,,,,
2024-05-14,1.8867,3.2610,,,1,-1.84,开放申购,开放赎回,,,,
2024-05-13,1.9221,3.2964,,,1,-0.79,开放申购,开放赎回,,,,
2024-05-10,1.9375,3.3118,,,1,0.57,开放申购,开放赎回,,,,
2024-05-09,1.9265,3.3008,,,1,-0.15,开放申购,开放赎回,,,,
2024-05-08,1.9293,3.3036,,,1,2.31,开放申购,开放赎回,,,,
2024-05-07,1.8858,3.2601,,,1,1.15,开放申购,开放赎回,,,,
2024-05-06,1.8644,3.2387,,,1,1.14,开放申购,开放赎回,,,,
2024-04-30,1.8434,3.2177,,,1,0.91,开放申购,开放赎回,,,,
2024-04-29,1.8268,3.2011,,,1,1.43,开放申购,开放赎回,,,,
2024-04-26,1.8011,3.1754,,,1,-0.91,开放申购,开放赎回,,,,
2024-04-25,1.8176,3.1919,,,1,1.22,开放申购,开放赎回,,,,
2024-04-24,1.7957,3.1700,,,1,-0.78,开放申购,开放赎回,,,,
2024-04-23,1.8099,3.1842,,,1,-2.74,开放申购,开放赎回,,,,
2024-04-22,1.8608,3.2351,,,1,-4.13,开放申购,开放赎回,,,,
2024-04-19,1.9409,3.3152,,,1,-0.32,开放申购,开放赎回,,,,
2024-04-18,1.9472,3.3215,,,1,0.35,开放申购,开放赎回,,,,
2024-04-17,1.9405,3.3148,,,1,0.76,开放申购,开放赎回,,,,
2024-04-16,1.9259,3.3002,,,1,-0.16,开放申购,开放赎回,,,,
2024-04-15,1.9290,3.3033,,,1,2.65,开放申购,开放赎回,,,,
2024-04-12,1.8792,3.2535,,,1,-0.63,开放申购,开放赎回,,,,
2024-04-11,1.8912,3.2655,,,1,1.21,开放申购,开放赎回,,,,
2024-04-10,1.8685,3.2428,,,1,1.35,开放申购,开放赎回,,,,
2024-04-09,1.8436,3.2179,,,1,0.74,开放申购,开放赎回,,,,
2024-04-08,1.8301,3.2044,,,1,-1.19,开放申购,开放赎回,,,,
2024-04-03,1.8521,3.2264,,,1,2.68,开放申购,开放赎回,,,,
2024-04-02,1.8038,3.1781,,,1,0.70,开放申购,开放赎回,,,,
2024-04-01,1.7913,3.1656,,,1,-1.04,开放申购,开放赎回,,,,
2024-03-29,1.8102,3.1845,,,1,1.99,开放申购,开放赎回,,,,
2024-03-28,1.7749,3.1492,,,1,0.32,开放申购,开放赎回,,,,
2024-03-27,1.7693,3.1436,,,1,-0.61,开放申购,开放赎回,,,,
2024-03-26,1.7802,3.1545,,,1,-2.04,开放申购,开放赎回,,,,
2024-03-25,1.8173,3.1916,,,1,-0.65,开放申购,开放赎回,,,,
2024-03-22,1.8292,3.2035,,,1,-0.11,开放申购,开放赎回,,,,
2024-03-21,1.8313,3.2056,,,1,-0.64,开放申购,开放赎回,,,,
2024-03-20,1.8431,3.2174,,,1,0.12,开放申购,开放赎回,,,,
2024-03-19,1.8408,3.2151,,,1,1.27,开放申购,开放赎回,,,,
2024-03-18,1.8177,3.1920,,,1,-1.63,开放申购,开放赎回,,,,
2024-03-15,1.8479,3.2222,,,1,-1.28,开放申购,开放赎回,,,,
2024-03-14,1.8719,3.2462,,,1,0.70,开放申购,开放赎回,,,,
2024-03-13,1.8589,3.2332,,,1,-0.38,开放申购,开放赎回,,,,
2024-03-12,1.8660,3.2403,,,1,-2.61,开放申购,开放赎回,,,,
2024-03-11,1.9161,3.2904,,,1,-2.43,开放申购,开放赎回,,,,
2024-03-08,1.9638,3.3381,,,1,-0.28,开放申购,开放赎回,,,,
2024-03-07,1.9694,3.3437,,,1,0.35,开放申购,开放赎回,,,,
2024-03-06,1.9625,3.3368,,,1,0.46,开放申购,开放赎回,,,,
2024-03-05,1.9535,3.3278,,,1,-0.34,开放申购,开放赎回,,,,
2024-03-04,1.9602,3.3345,,,1,2.29,开放申购,开放赎回,,,,
2024-03-01,1.9163,3.2906,,,1,1.83,开放申购,开放赎回,,,,
2024-02-29,1.8819,3.2562,,,1,0.58,开放申购,开放赎回,,,,
2024-02-28,1.8711,3.2454,,,1,-1.01,开放申购,开放赎回,,,,
2024-02-27,1.8902,3.2645,,,1,0.30,开放申购,开放赎回,,,,
2024-02-26,1.8846,3.2589,,,1,-1.54,开放申购,开放赎回,,,,
2024-02-23,1.9140,3.2883,,,1,-1.49,开放申购,开放赎回,,,,
2024-02-22,1.9429,3.3172,,,1,4.62,开放申购,开放赎回,,,,
2024-02-21,1.8571,3.2314,,,1,0.20,开放申购,开放赎回,,,,
2024-02-20,1.8534,3.2277,,,1,1.13,开放申购,开放赎回,,,,
2024-02-19,1.8327,3.2070,,,1,4.98,开放申购,开放赎回,,,,
2024-02-08,1.7458,3.1201,,,1,0.86,开放申购,开放赎回,,,,
2024-02-07,1.7309,3.1052,,,1,1.75,开放申购,开放赎回,,,,
2024-02-06,1.7012,3.0755,,,1,1.76,开放申购,开放赎回,,,,
2024-02-05,1.6717,3.0460,,,1,0.54,开放申购,开放赎回,,,,
2024-02-02,1.6628,3.0371,,,1,-1.05,开放申购,开放赎回,,,,
2024-02-01,1.6804,3.0547,,,1,-0.14,开放申购,开放赎回,,,,
2024-01-31,1.6827,3.0570,,,1,-0.10,开放申购,开放赎回,,,,
2024-01-30,1.6844,3.0587,,,1,-1.53,开放申购,开放赎回,,,,
2024-01-29,1.7105,3.0848,,,1,-1.03,限制大额申购,开放赎回,0.082,0,,每份派现金0.0820元
2024-01-26,1.8112,3.1035,,,1,0.03,限制大额申购,开放赎回,,,,
2024-01-25,1.8107,3.1030,,,1,3.93,限制大额申购,开放赎回,,,,
2024-01-24,1.7422,3.0345,,,1,1.59,限制大额申购,开放赎回,,,,
2024-01-23,1.7150,3.0073,,,1,2.02,开放申购,开放赎回,,,,
2024-01-22,1.6811,2.9734,,,1,-2.47,开放申购,开放赎回,,,,
2024-01-19,1.7236,3.0159,,,1,-1.04,开放申购,开放赎回,,,,
2024-01-18,1.7418,3.0341,,,1,0.44,开放申购,开放赎回,,,,
2024-01-17,1.7342,3.0265,,,1,-1.41,开放申购,开放赎回,,,,
2024-01-16,1.7590,3.0513,,,1,0.09,开放申购,开放赎回,,,,
2024-01-15,1.7574,3.0497,,,1,0.60,开放申购,开放赎回,,,,
2024-01-12,1.7470,3.0393,,,1,0.25,开放申购,开放赎回,,,,
2024-01-11,1.7427,3.0350,,,1,-1.54,开放申购,开放赎回,,,,
2024-01-10,1.7700,3.0623,,,1,-0.64,开放申购,开放赎回,,,,
2024-01-09,1.7814,3.0737,,,1,1.02,开放申购,开放赎回,,,,
2024-01-08,1.7635,3.0558,,,1,-0.67,开放申购,开放赎回,,,,
2024-01-05,1.7754,3.0677,,,1,-0.43,开放申购,开放赎回,,,,
2024-01-04,1.7830,3.0753,,,1,0.58,开放申购,开放赎回,,,,
2024-01-03,1.7728,3.0651,,,1,0.73,开放申购,开放赎回,,,,
2024-01-02,1.7600,3.0523,,,1,3.05,开放申购,开放赎回,,,,
2023-12-31,1.7079,3.0002,,,0,-0.01,开放申购,开放赎回,,,,
2023-12-29,1.7080,3.0003,,,1,0.89,开放申购,开放赎回,,,,
2023-12-28,1.6930,2.9853,,,1,-1.40,开放申购,开放赎回,,,,
2023-12-27,1.7171,3.0094,,,1,1.25,开放申购,开放赎回,,,,
2023-12-26,1.6959,2.9882,,,1,-1.78,开放申购,开放赎回,,,,
2023-12-25,1.7267,3.0190,,,1,1.37,开放申购,开放赎回,,,,
2023-12-22,1.7033,2.9956,,,1,0.94,开放申购,开放赎回,,,,
2023-12-21,1.6875,2.9798,,,1,0.20,开放申购,开放赎回,,,,
2023-12-20,1.6841,2.9764,,,1,0.29,开放申购,开放赎回,,,,
2023-12-19,1.6792,2.9715,,,1,-0.32,开放申购,开放赎回,,,,
2023-12-18,1.6846,2.9769,,,1,0.27,开放申购,开放赎回,,,,
2023-12-15,1.6800,2.9723,,,1,-0.70,开放申购,开放赎回,,,,
2023-12-14,1.6918,2.9841,,,1,0.08,开放申购,开放赎回,,,,
2023-12-13,1.6905,2.9828,,,1,-1.17,开放申购,开放赎回,,,,
2023-12-12,1.7105,3.0028,,,1,0.53,开放申购,开放赎回,,,,
2023-12-11,1.7015,2.9938,,,1,2.21,开放申购,开放赎回,,,,
2023-12-08,1.6647,2.9570,,,1,-0.38,开放申购,开放赎回,,,,
2023-12-07,1.6710,2.9633,,,1,-0.59,开放申购,开放赎回,,,,
2023-12-06,1.6810,2.9733,,,1,0.06,开放申购,开放赎回,,,,
2023-12-05,1.6800,2.9723,,,1,-1.96,开放申购,开放赎回,,,,
2023-12-04,1.7135,3.0058,,,1,1.04,开放申购,开放赎回,,,,
2023-12-01,1.6959,2.9882,,,1,0.81,开放申购,开放赎回,,,,
2023-11-30,1.6823,2.9746,,,1,0.11,开放申购,开放赎回,,,,
2023-11-29,1.6805,2.9728,,,1,1.25,开放申购,开放赎回,,,,
2023-11-28,1.6598,2.9521,,,1,-0.31,开放申购,开放赎回,,,,
2023-11-27,1.6649,2.9572,,,1,1.75,开放申购,开放赎回,,,,
2023-11-24,1.6363,2.9286,,,1,0.97,开放申购,开放赎回,,,,
2023-11-23,1.6206,2.9129,,,1,1.71,开放申购,开放赎回,,,,
2023-11-22,1.5933,2.8856,,,1,-0.24,开放申购,开放赎回,,,,
2023-11-21,1.5971,2.8894,,,1,0.42,开放申购,开放赎回,,,,
2023-11-20,1.5904,2.8827,,,1,-0.56,开放申购,开放赎回,,,,
2023-11-17,1.5993,2.8916,,,1,-0.59,开放申购,开放赎回,,,,
2023-11-16,1.6088,2.9011,,,1,0.27,开放申购,开放赎回,,,,
2023-11-15,1.6044,2.8967,,,1,0.85,开放申购,开放赎回,,,,
2023-11-14,1.5909,2.8832,,,1,-1.12,开放申购,开放赎回,,,,
2023-11-13,1.6089,2.9012,,,1,0.59,开放申购,开放赎回,,,,
2023-11-10,1.5995,2.8918,,,1,1.07,开放申购,开放赎回,,,,
2023-11-09,1.5826,2.8749,,,1,3.15,开放申购,开放赎回,,,,
2023-11-08,1.5342,2.8265,,,1,-0.78,开放申购,开放赎回,,,,
2023-11-07,1.5463,2.8386,,,1,1.37,开放申购,开放赎回,,,,
2023-11-06,1.5254,2.8177,,,1,-1.86,开放申购,开放赎回,,,,
2023-11-03,1.5543,2.8466,,,1,0.43,开放申购,开放赎回,,,,
2023-11-02,1.5477,2.8400,,,1,-0.35,开放申购,开放赎回,,,,
2023-11-01,1.5532,2.8455,,,1,-0.56,开放申购,开放赎回,,,,
2023-10-31,1.5619,2.8542,,,1,1.15,开放申购,开放赎回,,,,
2023-10-30,1.5442,2.8365,,,1,-0.82,开放申购,开放赎回,,,,
2023-10-27,1.5570,2.8493,,,1,-0.61,开放申购,开放赎回,,,,
2023-10-26,1.5666,2.8589,,,1,-1.57,开放申购,开放赎回,,,,
2023-10-25,1.5916,2.8839,,,1,1.36,开放申购,开放赎回,,,,
2023-10-24,1.5703,2.8626,,,1,0.90,开放申购,开放赎回,,,,
2023-10-23,1.5563,2.8486,,,1,-1.39,开放申购,开放赎回,,,,
2023-10-20,1.5782,2.8705,,,1,-0.44,开放申购,开放赎回,,,,
2023-10-19,1.5852,2.8775,,,1,-1.59,开放申购,开放赎回,,,,
2023-10-18,1.6108,2.9031,,,1,-0.43,开放申购,开放赎回,,,,
2023-10-17,1.6177,2.9100,,,1,0.66,开放申购,开放赎回,,,,
2023-10-16,1.6071,2.8994,,,1,1.73,开放申购,开放赎回,,,,
2023-10-13,1.5797,2.8720,,,1,0.92,开放申购,开放赎回,,,,
2023-10-12,1.5653,2.8576,,,1,-0.33,开放申购,开放赎回,,,,
2023-10-11,1.5705,2.8628,,,1,-1.33,开放申购,开放赎回,,,,
2023-10-10,1.5916,2.8839,,,1,-1.86,开放申购,开放赎回,,,,
2023-10-09,1.6217,2.9140,,,1,0.98,开放申购,开放赎回,,,,
2023-09-28,1.6060,2.8983,,,1,0.97,开放申购,开放赎回,,,,
2023-09-27,1.5906,2.8829,,,1,-0.82,开放申购,开放赎回,,,,
2023-09-26,1.6037,2.8960,,,1,-0.49,开放申购,开放赎回,,,,
2023-09-25,1.6116,2.9039,,,1,0.60,开放申购,开放赎回,,,,
2023-09-22,1.6020,2.8943,,,1,-0.37,开放申购,开放赎回,,,,
2023-09-21,1.6079,2.9002,,,1,-0.36,开放申购,开放赎回,,,,
2023-09-20,1.6137,2.9060,,,1,-0.12,开放申购,开放赎回,,,,
2023-09-19,1.6156,2.9079,,,1,0.72,开放申购,开放赎回,,,,
2023-09-18,1.6041,2.8964,,,1,0.50,开放申购,开放赎回,,,,
2023-09-15,1.5961,2.8884,,,1,-0.56,开放申购,开放赎回,,,,
2023-09-14,1.6051,2.8974,,,1,3.72,开放申购,开放赎回,,,,
2023-09-13,1.5475,2.8398,,,1,1.28,开放申购,开放赎回,,,,
2023-09-12,1.5280,2.8203,,,1,-0.63,开放申购,开放赎回,,,,
2023-09-11,1.5377,2.8300,,,1,0.83,开放申购,开放赎回,,,,
2023-09-08,1.5251,2.8174,,,1,-1.94,开放申购,开放赎回,,,,
2023-09-07,1.5553,2.8476,,,1,0.48,开放申购,开放赎回,,,,
2023-09-06,1.5479,2.8402,,,1,0.53,开放申购,开放赎回,,,,
2023-09-05,1.5398,2.8321,,,1,0.46,开放申购,开放赎回,,,,
2023-09-04,1.5328,2.8251,,,1,3.32,开放申购,开放赎回,,,,
2023-09-01,1.4835,2.7758,,,1,4.79,开放申购,开放赎回,,,,
2023-08-31,1.4157,2.7080,,,1,-0.32,开放申购,开放赎回,,,,
2023-08-30,1.4203,2.7126,,,1,-0.62,开放申购,开放赎回,,,,
2023-08-29,1.4291,2.7214,,,1,0.21,开放申购,开放赎回,,,,
2023-08-28,1.4261,2.7184,,,1,3.14,开放申购,开放赎回,,,,
2023-08-25,1.3827,2.6750,,,1,-1.07,开放申购,开放赎回,,,,
2023-08-24,1.3977,2.6900,,,1,-0.47,开放申购,开放赎回,,,,
2023-08-23,1.4043,2.6966,,,1,1.61,开放申购,开放赎回,,,,
2023-08-22,1.3821,2.6744,,,1,1.38,开放申购,开放赎回,,,,
2023-08-21,1.3633,2.6556,,,1,-1.47,开放申购,开放赎回,,,,
2023-08-18,1.3837,2.6760,,,1,-0.80,开放申购,开放赎回,,,,
2023-08-17,1.3949,2.6872,,,1,-0.22,开放申购,开放赎回,,,,
2023-08-16,1.3980,2.6903,,,1,-0.25,开放申购,开放赎回,,,,
2023-08-15,1.4015,2.6938,,,1,0.26,开放申购,开放赎回,,,,
2023-08-14,1.3979,2.6902,,,1,-0.41,开放申购,开放赎回,,,,
2023-08-11,1.4036,2.6959,,,1,-2.24,开放申购,开放赎回,,,,
2023-08-10,1.4358,2.7281,,,1,2.50,开放申购,开放赎回,,,,
2023-08-09,1.4008,2.6931,,,1,-0.79,开放申购,开放赎回,,,,
2023-08-08,1.4120,2.7043,,,1,0.63,开放申购,开放赎回,,,,
2023-08-07,1.4031,2.6954,,,1,-0.71,开放申购,开放赎回,,,,
2023-08-04,1.4132,2.7055,,,1,-0.44,开放申购,开放赎回,,,,
2023-08-03,1.4194,2.7117,,,1,0.04,开放申购,开放赎回,,,,
2023-08-02,1.4189,2.7112,,,1,-1.48,开放申购,开放赎回,,,,
2023-08-01,1.4402,2.7325,,,1,0.36,开放申购,开放赎回,,,,
2023-07-31,1.4350,2.7273,,,1,-0.89,开放申购,开放赎回,,,,
2023-07-28,1.4479,2.7402,,,1,1.20,开放申购,开放赎回,,,,
2023-07-27,1.4307,2.7230,,,1,-0.58,开放申购,开放赎回,,,,
2023-07-26,1.4391,2.7314,,,1,0.08,开放申购,开放赎回,,,,
2023-07-25,1.4380,2.7303,,,1,2.07,开放申购,开放赎回,,,,
2023-07-24,1.4089,2.7012,,,1,-1.09,开放申购,开放赎回,,,,
2023-07-21,1.4244,2.7167,,,1,-1.12,开放申购,开放赎回,,,,
2023-07-20,1.4406,2.7329,,,1,0.45,开放申购,开放赎回,,,,
2023-07-19,1.4342,2.7265,,,1,0.58,开放申购,开放赎回,,,,
2023-07-18,1.4260,2.7183,,,1,-0.68,开放申购,开放赎回,,,,
2023-07-17,1.4358,2.7281,,,1,-1.35,开放申购,开放赎回,,,,
2023-07-14,1.4555,2.7478,,,1,0.57,开放申购,开放赎回,,,,
2023-07-13,1.4473,2.7396,,,1,0.66,开放申购,开放赎回,,,,
2023-07-12,1.4378,2.7301,,,1,-0.06,开放申购,开放赎回,,,,
2023-07-11,1.4387,2.7310,,,1,-0.70,开放申购,开放赎回,,,,
2023-07-10,1.4489,2.7412,,,1,0.35,开放申购,开放赎回,,,,
2023-07-07,1.4438,2.7361,,,1,0.51,开放申购,开放赎回,,,,
2023-07-06,1.4365,2.7288,,,1,-0.17,开放申购,开放赎回,,,,
2023-07-05,1.4390,2.7313,,,1,0.54,开放申购,开放赎回,,,,
2023-07-04,1.4312,2.7235,,,1,0.22,开放申购,开放赎回,,,,
2023-07-03,1.4281,2.7204,,,1,2.38,开放申购,开放赎回,,,,
2023-06-30,1.3949,2.6872,,,1,2.07,开放申购,开放赎回,,,,
2023-06-29,1.3666,2.6589,,,1,-1.16,开放申购,开放赎回,,,,
2023-06-28,1.3827,2.6750,,,1,1.80,开放申购,开放赎回,,,,
2023-06-27,1.3582,2.6505,,,1,1.65,开放申购,开放赎回,,,,
2023-06-26,1.3362,2.6285,,,1,-1.47,开放申购,开放赎回,,,,
2023-06-21,1.3561,2.6484,,,1,-1.37,开放申购,开放赎回,,,,
2023-06-20,1.3750,2.6673,,,1,-1.04,开放申购,开放赎回,,,,
2023-06-19,1.3895,2.6818,,,1,-0.79,开放申购,开放赎回,,,,
2023-06-16,1.4005,2.6928,,,1,0.43,开放申购,开放赎回,,,,
2023-06-15,1.3945,2.6868,,,1,0.69,开放申购,开放赎回,,,,
2023-06-14,1.3850,2.6773,,,1,0.29,开放申购,开放赎回,,,,
2023-06-13,1.3810,2.6733,,,1,-0.80,开放申购,开放赎回,,,,
2023-06-12,1.3921,2.6844,,,1,0.43,开放申购,开放赎回,,,,
2023-06-09,1.3861,2.6784,,,1,0.19,开放申购,开放赎回,,,,
2023-06-08,1.3835,2.6758,,,1,1.22,开放申购,开放赎回,,,,
2023-06-07,1.3668,2.6591,,,1,-0.72,开放申购,开放赎回,,,,
2023-06-06,1.3767,2.6690,,,1,0.65,开放申购,开放赎回,,,,
2023-06-05,1.3678,2.6601,,,1,0.15,开放申购,开放赎回,,,,
2023-06-02,1.3658,2.6581,,,1,1.57,开放申购,开放赎回,,,,
2023-06-01,1.3447,2.6370,,,1,-0.44,开放申购,开放赎回,,,,
2023-05-31,1.3507,2.6430,,,1,-2.88,开放申购,开放赎回,,,,
2023-05-30,1.3908,2.6831,,,1,0.22,开放申购,开放赎回,,,,
2023-05-29,1.3878,2.6801,,,1,-0.58,开放申购,开放赎回,,,,
2023-05-26,1.3959,2.6882,,,1,-2.81,开放申购,开放赎回,,,,
2023-05-25,1.4362,2.7285,,,1,-1.53,开放申购,开放赎回,,,,
2023-05-24,1.4585,2.7508,,,1,-1.23,开放申购,开放赎回,,,,
2023-05-23,1.4766,2.7689,,,1,-0.57,开放申购,开放赎回,,,,
2023-05-22,1.4851,2.7774,,,1,-0.99,开放申购,开放赎回,,,,
2023-05-19,1.5000,2.7923,,,1,-0.80,开放申购,开放赎回,,,,
2023-05-18,1.5121,2.8044,,,1,0.26,开放申购,开放赎回,,,,
2023-05-17,1.5082,2.8005,,,1,-0.55,开放申购,开放赎回,,,,
2023-05-16,1.5165,2.8088,,,1,0.35,开放申购,开放赎回,,,,
2023-05-15,1.5112,2.8035,,,1,1.69,开放申购,开放赎回,,,,
2023-05-12,1.4861,2.7784,,,1,-1.66,开放申购,开放赎回,,,,
2023-05-11,1.5112,2.8035,,,1,0.37,开放申购,开放赎回,,,,
2023-05-10,1.5057,2.7980,,,1,-1.16,开放申购,开放赎回,,,,
2023-05-09,1.5234,2.8157,,,1,-0.03,开放申购,开放赎回,,,,
2023-05-08,1.5239,2.8162,,,1,3.25,开放申购,开放赎回,,,,
2023-05-05,1.4759,2.7682,,,1,-0.53,开放申购,开放赎回,,,,
2023-05-04,1.4837,2.7760,,,1,-0.21,开放申购,开放赎回,,,,
2023-04-28,1.4868,2.7791,,,1,1.26,开放申购,开放赎回,,,,
2023-04-27,1.4683,2.7606,,,1,-0.07,开放申购,开放赎回,,,,
2023-04-26,1.4694,2.7617,,,1,1.32,开放申购,开放赎回,,,,
2023-04-25,1.4502,2.7425,,,1,-0.86,开放申购,开放赎回,,,,
2023-04-24,1.4628,2.7551,,,1,-1.40,开放申购,开放赎回,,,,
2023-04-21,1.4835,2.7758,,,1,-1.62,开放申购,开放赎回,,,,
2023-04-20,1.5079,2.8002,,,1,-0.57,开放申购,开放赎回,,,,
2023-04-19,1.5166,2.8089,,,1,-0.35,开放申购,开放赎回,,,,
2023-04-18,1.5219,2.8142,,,1,2.69,开放申购,开放赎回,,,,
2023-04-17,1.4821,2.7744,,,1,2.79,开放申购,开放赎回,,,,
2023-04-14,1.4419,2.7342,,,1,0.33,开放申购,开放赎回,,,,
2023-04-13,1.4371,2.7294,,,1,-0.10,开放申购,开放赎回,,,,
2023-04-12,1.4385,2.7308,,,1,0.78,开放申购,开放赎回,,,,
2023-04-11,1.4274,2.7197,,,1,-0.22,开放申购,开放赎回,,,,
2023-04-10,1.4306,2.7229,,,1,-1.05,开放申购,开放赎回,,,,
2023-04-07,1.4458,2.7381,,,1,-0.88,开放申购,开放赎回,,,,
2023-04-06,1.4586,2.7509,,,1,-1.44,开放申购,开放赎回,,,,
2023-04-04,1.4799,2.7722,,,1,-0.12,开放申购,开放赎回,,,,
2023-04-03,1.4817,2.7740,,,1,0.71,开放申购,开放赎回,,,,
2023-03-31,1.4713,2.7636,,,1,-0.44,开放申购,开放赎回,,,,
2023-03-30,1.4778,2.7701,,,1,3.26,开放申购,开放赎回,,,,
2023-03-29,1.4312,2.7235,,,1,-0.59,开放申购,开放赎回,,,,
2023-03-28,1.4397,2.7320,,,1,-0.38,开放申购,开放赎回,,,,
2023-03-27,1.4452,2.7375,,,1,0.51,开放申购,开放赎回,,,,
2023-03-24,1.4378,2.7301,,,1,-1.28,开放申购,开放赎回,,,,
2023-03-23,1.4564,2.7487,,,1,0.97,开放申购,开放赎回,,,,
2023-03-22,1.4424,2.7347,,,1,0.70,开放申购,开放赎回,,,,
2023-03-21,1.4324,2.7247,,,1,0.01,开放申购,开放赎回,,,,
2023-03-20,1.4323,2.7246,,,1,-1.00,开放申购,开放赎回,,,,
2023-03-17,1.4467,2.7390,,,1,0.73,开放申购,开放赎回,,,,
2023-03-16,1.4362,2.7285,,,1,-3.83,开放申购,开放赎回,,,,
2023-03-15,1.4934,2.7857,,,1,-0.10,开放申购,开放赎回,,,,
2023-03-14,1.4949,2.7872,,,1,-2.09,开放申购,开放赎回,,,,
2023-03-13,1.5268,2.8191,,,1,1.42,开放申购,开放赎回,,,,
2023-03-10,1.5054,2.7977,,,1,-2.35,开放申购,开放赎回,,,,
2023-03-09,1.5417,2.8340,,,1,-0.36,开放申购,开放赎回,,,,
2023-03-08,1.5473,2.8396,,,1,-0.73,开放申购,开放赎回,,,,
2023-03-07,1.5587,2.8510,,,1,1.04,开放申购,开放赎回,,,,
2023-03-06,1.5426,2.8349,,,1,-2.24,开放申购,开放赎回,,,,
2023-03-03,1.5779,2.8702,,,1,0.36,开放申购,开放赎回,,,,
2023-03-02,1.5723,2.8646,,,1,0.21,开放申购,开放赎回,,,,
2023-03-01,1.5690,2.8613,,,1,0.25,开放申购,开放赎回,,,,
2023-02-28,1.5651,2.8574,,,1,-1.03,开放申购,开放赎回,,,,
2023-02-27,1.5814,2.8737,,,1,0.84,开放申购,开放赎回,,,,
2023-02-24,1.5683,2.8606,,,1,-0.39,开放申购,开放赎回,,,,
2023-02-23,1.5744,2.8667,,,1,1.16,开放申购,开放赎回,,,,
2023-02-22,1.5564,2.8487,,,1,0.43,开放申购,开放赎回,,,,
2023-02-21,1.5497,2.8420,,,1,2.72,开放申购,开放赎回,,,,
2023-02-20,1.5087,2.8010,,,1,3.09,开放申购,开放赎回,,,,
2023-02-17,1.4635,2.7558,,,1,2.16,开放申购,开放赎回,,,,
2023-02-16,1.4325,2.7248,,,1,-1.32,开放申购,开放赎回,,,,
2023-02-15,1.4517,2.7440,,,1,-0.87,开放申购,开放赎回,,,,
2023-02-14,1.4645,2.7568,,,1,0.40,开放申购,开放赎回,,,,
2023-02-13,1.4587,2.7510,,,1,-0.17,开放申购,开放赎回,,,,
2023-02-10,1.4612,2.7535,,,1,-1.66,开放申购,开放赎回,,,,
2023-02-09,1.4858,2.7781,,,1,0.30,开放申购,开放赎回,,,,
2023-02-08,1.4814,2.7737,,,1,-0.66,开放申购,开放赎回,,,,
2023-02-07,1.4913,2.7836,,,1,0.49,限制大额申购,开放赎回,0.046,0,,每份派现金0.0460元
2023-02-06,1.5298,2.7761,,,1,-0.53,限制大额申购,开放赎回,,,,
2023-02-03,1.5379,2.7842,,,1,-0.91,限制大额申购,开放赎回,,,,
2023-02-02,1.5521,2.7984,,,1,0.88,限制大额申购,开放赎回,,,,
2023-02-01,1.5386,2.7849,,,1,0.04,开放申购,开放赎回,,,,
2023-01-31,1.5380,2.7843,,,1,0.35,开放申购,开放赎回,,,,
2023-01-30,1.5327,2.7790,,,1,-1.99,开放申购,开放赎回,,,,
2023-01-20,1.5638,2.8101,,,1,1.87,开放申购,开放赎回,,,,
2023-01-19,1.5351,2.7814,,,1,1.21,开放申购,开放赎回,,,,
2023-01-18,1.5167,2.7630,,,1,0.89,开放申购,开放赎回,,,,
2023-01-17,1.5033,2.7496,,,1,-0.96,开放申购,开放赎回,,,,
2023-01-16,1.5178,2.7641,,,1,-0.26,开放申购,开放赎回,,,,
2023-01-13,1.5218,2.7681,,,1,-0.20,开放申购,开放赎回,,,,
2023-01-12,1.5248,2.7711,,,1,0.38,开放申购,开放赎回,,,,
2023-01-11,1.5191,2.7654,,,1,4.20,开放申购,开放赎回,,,,
2023-01-10,1.4578,2.7041,,,1,-0.79,开放申购,开放赎回,,,,
2023-01-09,1.4694,2.7157,,,1,1.24,开放申购,开放赎回,,,,
2023-01-06,1.4514,2.6977,,,1,1.50,开放申购,开放赎回,,,,
2023-01-05,1.4299,2.6762,,,1,0.32,开放申购,开放赎回,,,,
2023-01-04,1.4254,2.6717,,,1,-2.71,开放申购,开放赎回,,,,
2023-01-03,1.4651,2.7114,,,1,0.88,开放申购,开放赎回,,,,
2022-12-31,1.4522,2.6985,,,0,-0.01,开放申购,开放赎回,,,,
2022-12-30,1.4523,2.6986,,,1,0.16,开放申购,开放赎回,,,,
2022-12-29,1.4500,2.6963,,,1,-2.33,开放申购,开放赎回,,,,
2022-12-28,1.4846,2.7309,,,1,-0.83,开放申购,开放赎回,,,,
2022-12-27,1.4971,2.7434,,,1,2.25,开放申购,开放赎回,,,,
2022-12-26,1.4641,2.7104,,,1,0.47,开放申购,开放赎回,,,,
2022-12-23,1.4572,2.7035,,,1,0.05,开放申购,开放赎回,,,,
2022-12-22,1.4565,2.7028,,,1,-2.33,开放申购,开放赎回,,,,
2022-12-21,1.4913,2.7376,,,1,-0.31,开放申购,开放赎回,,,,
2022-12-20,1.4959,2.7422,,,1,-0.80,开放申购,开放赎回,,,,
2022-12-19,1.5079,2.7542,,,1,-2.43,开放申购,开放赎回,,,,
2022-12-16,1.5455,2.7918,,,1,0.31,开放申购,开放赎回,,,,
2022-12-15,1.5408,2.7871,,,1,-1.63,开放申购,开放赎回,,,,
2022-12-14,1.5664,2.8127,,,1,1.18,开放申购,开放赎回,,,,
2022-12-13,1.5481,2.7944,,,1,0.45,开放申购,开放赎回,,,,
2022-12-12,1.5411,2.7874,,,1,-2.05,开放申购,开放赎回,,,,
2022-12-09,1.5734,2.8197,,,1,0.58,开放申购,开放赎回,,,,
2022-12-08,1.5644,2.8107,,,1,0.06,开放申购,开放赎回,,,,
2022-12-07,1.5634,2.8097,,,1,-1.85,开放申购,开放赎回,,,,
2022-12-06,1.5929,2.8392,,,1,-0.16,开放申购,开放赎回,,,,
2022-12-05,1.5955,2.8418,,,1,1.51,开放申购,开放赎回,,,,
2022-12-02,1.5717,2.8180,,,1,-0.77,开放申购,开放赎回,,,,
2022-12-01,1.5839,2.8302,,,1,-0.60,开放申购,开放赎回,,,,
2022-11-30,1.5935,2.8398,,,1,1.30,开放申购,开放赎回,,,,
2022-11-29,1.5730,2.8193,,,1,2.50,开放申购,开放赎回,,,,
2022-11-28,1.5347,2.7810,,,1,-1.44,开放申购,开放赎回,,,,
2022-11-25,1.5571,2.8034,,,1,2.15,开放申购,开放赎回,,,,
2022-11-24,1.5243,2.7706,,,1,0.89,开放申购,开放赎回,,,,
2022-11-23,1.5108,2.7571,,,1,1.10,开放申购,开放赎回,,,,
2022-11-22,1.4943,2.7406,,,1,0.49,开放申购,开放赎回,,,,
2022-11-21,1.4870,2.7333,,,1,-0.27,开放申购,开放赎回,,,,
2022-11-18,1.4911,2.7374,,,1,-1.02,开放申购,开放赎回,,,,
2022-11-17,1.5064,2.7527,,,1,-3.39,开放申购,开放赎回,,,,
2022-11-16,1.5593,2.8056,,,1,0.43,开放申购,开放赎回,,,,
2022-11-15,1.5527,2.7990,,,1,0.93,开放申购,开放赎回,,,,
2022-11-14,1.5384,2.7847,,,1,-1.32,开放申购,开放赎回,,,,
2022-11-11,1.5590,2.8053,,,1,3.25,开放申购,开放赎回,,,,
2022-11-10,1.5100,2.7563,,,1,-0.27,开放申购,开放赎回,,,,
2022-11-09,1.5141,2.7604,,,1,-0.92,开放申购,开放赎回,,,,
2022-11-08,1.5282,2.7745,,,1,-0.44,开放申购,开放赎回,,,,
2022-11-07,1.5349,2.7812,,,1,1.82,开放申购,开放赎回,,,,
2022-11-04,1.5075,2.7538,,,1,3.74,开放申购,开放赎回,,,,
2022-11-03,1.4531,2.6994,,,1,-1.01,开放申购,开放赎回,,,,
2022-11-02,1.4679,2.7142,,,1,1.07,开放申购,开放赎回,,,,
2022-11-01,1.4524,2.6987,,,1,0.88,开放申购,开放赎回,,,,
2022-10-31,1.4398,2.6861,,,1,-3.40,开放申购,开放赎回,,,,
2022-10-28,1.4905,2.7368,,,1,0.24,开放申购,开放赎回,,,,
2022-10-27,1.4870,2.7333,,,1,0.24,开放申购,开放赎回,,,,
2022-10-26,1.4835,2.7298,,,1,-1.47,开放申购,开放赎回,,,,
2022-10-25,1.5056,2.7519,,,1,-1.68,开放申购,开放赎回,,,,
2022-10-24,1.5314,2.7777,,,1,-2.27,开放申购,开放赎回,,,,
2022-10-21,1.5669,2.8132,,,1,0.24,开放申购,开放赎回,,,,
2022-10-20,1.5631,2.8094,,,1,-1.48,开放申购,开放赎回,,,,
2022-10-19,1.5866,2.8329,,,1,-0.01,开放申购,开放赎回,,,,
2022-10-18,1.5867,2.8330,,,1,-0.38,开放申购,开放赎回,,,,
2022-10-17,1.5927,2.8390,,,1,-1.12,开放申购,开放赎回,,,,
2022-10-14,1.6108,2.8571,,,1,0.61,开放申购,开放赎回,,,,
2022-10-13,1.6011,2.8474,,,1,-4.29,开放申购,开放赎回,,,,
2022-10-12,1.6728,2.9191,,,1,0.54,开放申购,开放赎回,,,,
2022-10-11,1.6638,2.9101,,,1,-0.13,开放申购,开放赎回,,,,
2022-10-10,1.6659,2.9122,,,1,1.09,开放申购,开放赎回,,,,
2022-09-30,1.6479,2.8942,,,1,1.01,开放申购,开放赎回,,,,
2022-09-29,1.6315,2.8778,,,1,2.43,开放申购,开放赎回,,,,
2022-09-28,1.5928,2.8391,,,1,-1.17,开放申购,开放赎回,,,,
2022-09-27,1.6116,2.8579,,,1,-0.31,开放申购,开放赎回,,,,
2022-09-26,1.6166,2.8629,,,1,-2.70,开放申购,开放赎回,,,,
2022-09-23,1.6614,2.9077,,,1,-1.45,开放申购,开放赎回,,,,
2022-09-22,1.6859,2.9322,,,1,1.87,开放申购,开放赎回,,,,
2022-09-21,1.6550,2.9013,,,1,0.98,开放申购,开放赎回,,,,
2022-09-20,1.6389,2.8852,,,1,0.56,开放申购,开放赎回,,,,
2022-09-19,1.6297,2.8760,,,1,1.12,开放申购,开放赎回,,,,
2022-09-16,1.6117,2.8580,,,1,-4.42,开放申购,开放赎回,,,,
2022-09-15,1.6863,2.9326,,,1,1.47,开放申购,开放赎回,,,,
2022-09-14,1.6618,2.9081,,,1,-0.40,开放申购,开放赎回,,,,
2022-09-13,1.6684,2.9147,,,1,-1.37,开放申购,开放赎回,,,,
2022-09-09,1.6916,2.9379,,,1,2.14,开放申购,开放赎回,,,,
2022-09-08,1.6562,2.9025,,,1,-0.92,开放申购,开放赎回,,,,
2022-09-07,1.6716,2.9179,,,1,-0.48,开放申购,开放赎回,,,,
2022-09-06,1.6796,2.9259,,,1,1.90,开放申购,开放赎回,,,,
2022-09-05,1.6483,2.8946,,,1,4.62,开放申购,开放赎回,,,,
2022-09-02,1.5755,2.8218,,,1,-1.24,开放申购,开放赎回,,,,
2022-09-01,1.5953,2.8416,,,1,2.06,开放申购,开放赎回,,,,
2022-08-31,1.5631,2.8094,,,1,-1.69,开放申购,开放赎回,,,,
2022-08-30,1.5900,2.8363,,,1,-3.64,开放申购,开放赎回,,,,
2022-08-29,1.6501,2.8964,,,1,1.97,开放申购,开放赎回,,,,
2022-08-26,1.6183,2.8646,,,1,-2.08,开放申购,开放赎回,,,,
2022-08-25,1.6526,2.8989,,,1,5.48,开放申购,开放赎回,,,,
2022-08-24,1.5668,2.8131,,,1,-0.22,开放申购,开放赎回,,,,
2022-08-23,1.5703,2.8166,,,1,2.15,开放申购,开放赎回,,,,
2022-08-22,1.5373,2.7836,,,1,2.43,开放申购,开放赎回,,,,
2022-08-19,1.5009,2.7472,,,1,2.72,开放申购,开放赎回,,,,
2022-08-18,1.4611,2.7074,,,1,-0.98,开放申购,开放赎回,,,,
2022-08-17,1.4755,2.7218,,,1,0.58,开放申购,开放赎回,,,,
2022-08-16,1.4670,2.7133,,,1,-0.16,开放申购,开放赎回,,,,
2022-08-15,1.4693,2.7156,,,1,1.13,开放申购,开放赎回,,,,
2022-08-12,1.4529,2.6992,,,1,2.64,开放申购,开放赎回,,,,
2022-08-11,1.4155,2.6618,,,1,0.93,开放申购,开放赎回,,,,
2022-08-10,1.4025,2.6488,,,1,-1.41,开放申购,开放赎回,,,,
2022-08-09,1.4225,2.6688,,,1,3.08,开放申购,开放赎回,,,,
2022-08-08,1.3800,2.6263,,,1,2.69,开放申购,开放赎回,,,,
2022-08-05,1.3439,2.5902,,,1,-0.94,开放申购,开放赎回,,,,
2022-08-04,1.3566,2.6029,,,1,-0.88,开放申购,开放赎回,,,,
2022-08-03,1.3687,2.6150,,,1,-1.28,开放申购,开放赎回,,,,
2022-08-02,1.3865,2.6328,,,1,-2.26,开放申购,开放赎回,,,,
2022-08-01,1.4185,2.6648,,,1,1.36,开放申购,开放赎回,,,,
2022-07-29,1.3994,2.6457,,,1,-2.82,开放申购,开放赎回,,,,
2022-07-28,1.4400,2.6863,,,1,1.25,开放申购,开放赎回,,,,
2022-07-27,1.4222,2.6685,,,1,0.27,开放申购,开放赎回,,,,
2022-07-26,1.4183,2.6646,,,1,2.49,开放申购,开放赎回,,,,
2022-07-25,1.3838,2.6301,,,1,0.66,开放申购,开放赎回,,,,
2022-07-22,1.3747,2.6210,,,1,-0.63,开放申购,开放赎回,,,,
2022-07-21,1.3834,2.6297,,,1,-3.70,开放申购,开放赎回,,,,
2022-07-20,1.4365,2.6828,,,1,-0.54,开放申购,开放赎回,,,,
2022-07-19,1.4443,2.6906,,,1,-0.07,开放申购,开放赎回,,,,
2022-07-18,1.4453,2.6916,,,1,3.90,开放申购,开放赎回,,,,
2022-07-15,1.3911,2.6374,,,1,-2.00,开放申购,开放赎回,,,,
2022-07-14,1.4195,2.6658,,,1,-0.59,开放申购,开放赎回,,,,
2022-07-13,1.4279,2.6742,,,1,-0.31,开放申购,开放赎回,,,,
2022-07-12,1.4324,2.6787,,,1,0.70,开放申购,开放赎回,,,,
2022-07-11,1.4224,2.6687,,,1,-1.87,开放申购,开放赎回,,,,
2022-07-08,1.4495,2.6958,,,1,-0.97,开放申购,开放赎回,,,,
2022-07-07,1.4637,2.7100,,,1,0.70,开放申购,开放赎回,,,,
2022-07-06,1.4535,2.6998,,,1,-5.60,开放申购,开放赎回,,,,
2022-07-05,1.5397,2.7860,,,1,2.27,开放申购,开放赎回,,,,
2022-07-04,1.5055,2.7518,,,1,-0.76,开放申购,开放赎回,,,,
2022-07-01,1.5170,2.7633,,,1,0.56,开放申购,开放赎回,,,,
2022-06-30,1.5086,2.7549,,,1,0.13,开放申购,开放赎回,,,,
2022-06-29,1.5066,2.7529,,,1,2.10,开放申购,开放赎回,,,,
2022-06-28,1.4756,2.7219,,,1,1.25,开放申购,开放赎回,,,,
2022-06-27,1.4574,2.7037,,,1,3.69,开放申购,开放赎回,,,,
2022-06-24,1.4056,2.6519,,,1,-1.29,开放申购,开放赎回,,,,
2022-06-23,1.4239,2.6702,,,1,2.35,开放申购,开放赎回,,,,
2022-06-22,1.3912,2.6375,,,1,-1.88,开放申购,开放赎回,,,,
2022-06-21,1.4178,2.6641,,,1,0.59,开放申购,开放赎回,,,,
2022-06-20,1.4095,2.6558,,,1,-4.13,开放申购,开放赎回,,,,
2022-06-17,1.4702,2.7165,,,1,-0.09,开放申购,开放赎回,,,,
2022-06-16,1.4715,2.7178,,,1,-3.60,开放申购,开放赎回,,,,
2022-06-15,1.5265,2.7728,,,1,-0.70,开放申购,开放赎回,,,,
2022-06-14,1.5372,2.7835,,,1,2.26,开放申购,开放赎回,,,,
2022-06-13,1.5032,2.7495,,,1,-2.00,开放申购,开放赎回,,,,
2022-06-10,1.5339,2.7802,,,1,0.81,开放申购,开放赎回,,,,
2022-06-09,1.5215,2.7678,,,1,0.51,开放申购,开放赎回,,,,
2022-06-08,1.5138,2.7601,,,1,3.86,开放申购,开放赎回,,,,
2022-06-07,1.4575,2.7038,,,1,0.99,开放申购,开放赎回,,,,
2022-06-06,1.4432,2.6895,,,1,2.48,开放申购,开放赎回,,,,
2022-06-02,1.4083,2.6546,,,1,-3.18,开放申购,开放赎回,,,,
2022-06-01,1.4546,2.7009,,,1,2.09,开放申购,开放赎回,,,,
2022-05-31,1.4248,2.6711,,,1,-0.55,开放申购,开放赎回,,,,
2022-05-30,1.4327,2.6790,,,1,-1.01,开放申购,开放赎回,,,,
2022-05-27,1.4473,2.6936,,,1,0.33,开放申购,开放赎回,,,,
2022-05-26,1.4425,2.6888,,,1,3.44,开放申购,开放赎回,,,,
2022-05-25,1.3945,2.6408,,,1,1.87,开放申购,开放赎回,,,,
2022-05-24,1.3689,2.6152,,,1,-1.04,开放申购,开放赎回,,,,
2022-05-23,1.3833,2.6296,,,1,-0.33,开放申购,开放赎回,,,,
2022-05-20,1.3879,2.6342,,,1,3.64,开放申购,开放赎回,,,,
2022-05-19,1.3391,2.5854,,,1,1.03,开放申购,开放赎回,,,,
2022-05-18,1.3254,2.5717,,,1,-1.95,开放申购,开放赎回,,,,
2022-05-17,1.3517,2.5980,,,1,0.99,开放申购,开放赎回,,,,
2022-05-16,1.3384,2.5847,,,1,3.17,开放申购,开放赎回,,,,
2022-05-13,1.2973,2.5436,,,1,3.63,开放申购,开放赎回,,,,
2022-05-12,1.2519,2.4982,,,1,-2.58,开放申购,开放赎回,,,,
2022-05-11,1.2851,2.5314,,,1,1.95,开放申购,开放赎回,,,,
2022-05-10,1.2605,2.5068,,,1,-2.69,开放申购,开放赎回,,,,
2022-05-09,1.2954,2.5417,,,1,-1.30,开放申购,开放赎回,,,,
2022-05-06,1.3124,2.5587,,,1,-2.02,开放申购,开放赎回,,,,
2022-05-05,1.3395,2.5858,,,1,-1.41,开放申购,开放赎回,,,,
2022-04-29,1.3587,2.6050,,,1,1.12,限制大额申购,开放赎回,,,,
2022-04-28,1.3437,2.5900,,,1,5.84,限制大额申购,开放赎回,,,,
2022-04-27,1.2696,2.5159,,,1,3.20,限制大额申购,开放赎回,,,,
2022-04-26,1.2302,2.4765,,,1,-3.19,限制大额申购,开放赎回,,,,
2022-04-25,1.2707,2.5170,,,1,-6.04,限制大额申购,开放赎回,,,,
2022-04-22,1.3524,2.5987,,,1,1.27,限制大额申购,开放赎回,,,,
2022-04-21,1.3354,2.5817,,,1,-1.56,限制大额申购,开放赎回,,,,
2022-04-20,1.3565,2.6028,,,1,-5.44,限制大额申购,开放赎回,,,,
2022-04-19,1.4345,2.6808,,,1,1.59,限制大额申购,开放赎回,,,,
2022-04-18,1.4121,2.6584,,,1,-2.42,限制大额申购,开放赎回,,,,
2022-04-15,1.4471,2.6934,,,1,-1.14,限制大额申购,开放赎回,,,,
2022-04-14,1.4638,2.7101,,,1,4.83,限制大额申购,开放赎回,,,,
2022-04-13,1.3963,2.6426,,,1,3.71,限制大额申购,开放赎回,,,,
2022-04-12,1.3464,2.5927,,,1,-0.91,限制大额申购,开放赎回,,,,
2022-04-11,1.3588,2.6051,,,1,-2.44,限制大额申购,开放赎回,,,,
2022-04-08,1.3928,2.6391,,,1,1.63,限制大额申购,开放赎回,,,,
2022-04-07,1.3705,2.6168,,,1,-0.44,限制大额申购,开放赎回,,,,
2022-04-06,1.3766,2.6229,,,1,-0.43,限制大额申购,开放赎回,,,,
2022-04-01,1.3825,2.6288,,,1,1.09,限制大额申购,开放赎回,,,,
2022-03-31,1.3676,2.6139,,,1,2.13,限制大额申购,开放赎回,,,,
2022-03-30,1.3391,2.5854,,,1,0.23,限制大额申购,开放赎回,,,,
2022-03-29,1.3360,2.5823,,,1,0.94,限制大额申购,开放赎回,,,,
2022-03-28,1.3235,2.5698,,,1,2.08,限制大额申购,开放赎回,,,,
2022-03-25,1.2965,2.5428,,,1,-0.90,限制大额申购,开放赎回,,,,
2022-03-24,1.3083,2.5546,,,1,0.51,限制大额申购,开放赎回,,,,
2022-03-23,1.3016,2.5479,,,1,0.31,限制大额申购,开放赎回,,,,
2022-03-22,1.2976,2.5439,,,1,3.73,限制大额申购,开放赎回,,,,
2022-03-21,1.2510,2.4973,,,1,1.13,限制大额申购,开放赎回,,,,
2022-03-18,1.2370,2.4833,,,1,6.26,限制大额申购,开放赎回,,,,
2022-03-17,1.1641,2.4104,,,1,3.48,限制大额申购,开放赎回,,,,
2022-03-16,1.1249,2.3712,,,1,2.11,限制大额申购,开放赎回,,,,
2022-03-15,1.1017,2.3480,,,1,-8.61,限制大额申购,开放赎回,,,,
2022-03-14,1.2055,2.4518,,,1,-2.86,限制大额申购,开放赎回,,,,
2022-03-11,1.2410,2.4873,,,1,0.17,限制大额申购,开放赎回,,,,
2022-03-10,1.2389,2.4852,,,1,0.31,限制大额申购,开放赎回,,,,
2022-03-09,1.2351,2.4814,,,1,-0.35,限制大额申购,开放赎回,,,,
2022-03-08,1.2394,2.4857,,,1,-4.32,限制大额申购,开放赎回,,,,
2022-03-07,1.2953,2.5416,,,1,0.52,限制大额申购,开放赎回,,,,
2022-03-04,1.2886,2.5349,,,1,0.41,限制大额申购,开放赎回,,,,
2022-03-03,1.2833,2.5296,,,1,2.63,限制大额申购,开放赎回,,,,
2022-03-02,1.2504,2.4967,,,1,1.73,限制大额申购,开放赎回,,,,
2022-03-01,1.2291,2.4754,,,1,2.52,限制大额申购,开放赎回,,,,
2022-02-28,1.1989,2.4452,,,1,1.10,限制大额申购,开放赎回,,,,
2022-02-25,1.1858,2.4321,,,1,-2.43,限制大额申购,开放赎回,,,,
2022-02-24,1.2153,2.4616,,,1,-1.00,开放申购,开放赎回,,,,
2022-02-23,1.2276,2.4739,,,1,-2.45,开放申购,开放赎回,,,,
2022-02-22,1.2584,2.5047,,,1,0.13,开放申购,开放赎回,,,,
2022-02-21,1.2568,2.5031,,,1,2.31,开放申购,开放赎回,,,,
2022-02-18,1.2284,2.4747,,,1,5.06,开放申购,开放赎回,,,,
2022-02-17,1.1692,2.4155,,,1,-0.76,开放申购,开放赎回,,,,
2022-02-16,1.1781,2.4244,,,1,1.46,开放申购,开放赎回,,,,
2022-02-15,1.1612,2.4075,,,1,-1.83,开放申购,开放赎回,,,,
2022-02-14,1.1829,2.4292,,,1,-2.66,开放申购,开放赎回,,,,
2022-02-11,1.2152,2.4615,,,1,2.19,开放申购,开放赎回,,,,
2022-02-10,1.1892,2.4355,,,1,2.27,开放申购,开放赎回,,,,
2022-02-09,1.1628,2.4091,,,1,-0.27,开放申购,开放赎回,,,,
2022-02-08,1.1659,2.4122,,,1,2.61,开放申购,开放赎回,,,,
2022-02-07,1.1362,2.3825,,,1,2.69,开放申购,开放赎回,,,,
2022-01-28,1.1064,2.3527,,,1,-2.64,开放申购,开放赎回,,,,
2022-01-27,1.1364,2.3827,,,1,-0.19,开放申购,开放赎回,,,,
2022-01-26,1.1386,2.3849,,,1,-0.39,开放申购,开放赎回,,,,
2022-01-25,1.1431,2.3894,,,1,-3.32,开放申购,开放赎回,,,,
2022-01-24,1.1824,2.4287,,,1,0.56,开放申购,开放赎回,,,,
2022-01-21,1.1758,2.4221,,,1,0.31,开放申购,开放赎回,,,,
2022-01-20,1.1722,2.4185,,,1,0.79,开放申购,开放赎回,,,,
2022-01-19,1.1630,2.4093,,,1,1.04,开放申购,开放赎回,,,,
2022-01-18,1.1510,2.3973,,,1,4.30,开放申购,开放赎回,,,,
2022-01-17,1.1036,2.3499,,,1,1.84,开放申购,开放赎回,,,,
2022-01-14,1.0837,2.3300,,,1,-3.38,开放申购,开放赎回,,,,
2022-01-13,1.1216,2.3679,,,1,-0.54,开放申购,开放赎回,,,,
2022-01-12,1.1277,2.3740,,,1,-0.61,开放申购,开放赎回,,,,
2022-01-11,1.1346,2.3809,,,1,-0.27,开放申购,开放赎回,,,,
2022-01-10,1.1377,2.3840,,,1,2.06,限制大额申购,开放赎回,,,,
2022-01-07,1.1147,2.3610,,,1,2.50,限制大额申购,开放赎回,,,,
2022-01-06,1.0875,2.3338,,,1,-0.79,限制大额申购,开放赎回,,,,
2022-01-05,1.0962,2.3425,,,1,0.58,限制大额申购,开放赎回,,,,
2022-01-04,1.0899,2.3362,,,1,1.70,限制大额申购,开放赎回,,,,
2021-12-31,1.0717,2.3180,,,1,2.13,限制大额申购,开放赎回,,,,
2021-12-30,1.0494,2.2957,,,1,-0.62,开放申购,开放赎回,,,,
2021-12-29,1.0559,2.3022,,,1,-0.94,开放申购,开放赎回,,,,
2021-12-28,1.0659,2.3122,,,1,-0.93,开放申购,开放赎回,,,,
2021-12-27,1.0759,2.3222,,,1,1.51,开放申购,开放赎回,,,,
2021-12-24,1.0599,2.3062,,,1,-0.59,开放申购,开放赎回,,,,
2021-12-23,1.0662,2.3125,,,1,0.23,开放申购,开放赎回,,,,
2021-12-22,1.0638,2.3101,,,1,-0.67,开放申购,开放赎回,,,,
2021-12-21,1.0710,2.3173,,,1,3.76,开放申购,开放赎回,,,,
2021-12-20,1.0322,2.2785,,,1,-0.89,开放申购,开放赎回,,,,
2021-12-17,1.0415,2.2878,,,1,-1.05,开放申购,开放赎回,,,,
2021-12-16,1.0525,2.2988,,,1,2.96,开放申购,开放赎回,,,,
2021-12-15,1.0222,2.2685,,,1,0.67,开放申购,开放赎回,,,,
2021-12-14,1.0154,2.2617,,,1,-2.44,开放申购,开放赎回,,,,
2021-12-13,1.0408,2.2871,,,1,-0.90,开放申购,开放赎回,,,,
2021-12-10,1.0502,2.2965,,,1,-1.71,开放申购,开放赎回,,,,
2021-12-09,1.0685,2.3148,,,1,1.08,开放申购,开放赎回,,,,
2021-12-08,1.0571,2.3034,,,1,-0.54,开放申购,开放赎回,,,,
2021-12-07,1.0628,2.3091,,,1,2.34,开放申购,开放赎回,,,,
2021-12-06,1.0385,2.2848,,,1,0.38,开放申购,开放赎回,,,,
2021-12-03,1.0346,2.2809,,,1,3.34,开放申购,开放赎回,,,,
2021-12-02,1.0012,2.2475,,,1,1.32,开放申购,开放赎回,,,,
2021-12-01,0.9882,2.2345,,,1,2.33,开放申购,开放赎回,,,,
2021-11-30,0.9657,2.2120,,,1,-0.81,开放申购,开放赎回,,,,
2021-11-29,0.9736,2.2199,,,1,-1.13,开放申购,开放赎回,,,,
2021-11-26,0.9847,2.2310,,,1,-1.62,开放申购,开放赎回,,,,
2021-11-25,1.0009,2.2472,,,1,-0.95,开放申购,开放赎回,,,,
2021-11-24,1.0105,2.2568,,,1,1.64,开放申购,开放赎回,,,,
2021-11-23,0.9942,2.2405,,,1,0.99,开放申购,开放赎回,,,,
2021-11-22,0.9845,2.2308,,,1,-2.64,开放申购,开放赎回,,,,
2021-11-19,1.0112,2.2575,,,1,3.47,开放申购,开放赎回,,,,
2021-11-18,0.9773,2.2236,,,1,-1.61,开放申购,开放赎回,,,,
2021-11-17,0.9933,2.2396,,,1,0.28,开放申购,开放赎回,,,,
2021-11-16,0.9905,2.2368,,,1,-1.04,开放申购,开放赎回,,,,
2021-11-15,1.0009,2.2472,,,1,-1.09,开放申购,开放赎回,,,,
2021-11-12,1.0119,2.2582,,,1,-1.59,开放申购,开放赎回,,,,
2021-11-11,1.0282,2.2745,,,1,6.22,开放申购,开放赎回,,,,
2021-11-10,0.9680,2.2143,,,1,2.51,开放申购,开放赎回,,,,
2021-11-09,0.9443,2.1906,,,1,-0.81,开放申购,开放赎回,,,,
2021-11-08,0.9520,2.1983,,,1,0.78,开放申购,开放赎回,,,,
2021-11-05,0.9446,2.1909,,,1,-2.99,开放申购,开放赎回,,,,
2021-11-04,0.9737,2.2200,,,1,-1.49,开放申购,开放赎回,,,,
2021-11-03,0.9884,2.2347,,,1,3.18,开放申购,开放赎回,,,,
2021-11-02,0.9579,2.2042,,,1,-2.77,开放申购,开放赎回,,,,
2021-11-01,0.9852,2.2315,,,1,-1.51,开放申购,开放赎回,,,,
2021-10-29,1.0003,2.2466,,,1,-2.12,开放申购,开放赎回,,,,
2021-10-28,1.0220,2.2683,,,1,-3.86,开放申购,开放赎回,,,,
2021-10-27,1.0630,2.3093,,,1,-2.02,开放申购,开放赎回,,,,
2021-10-26,1.0849,2.3312,,,1,-1.57,开放申购,开放赎回,,,,
2021-10-25,1.1022,2.3485,,,1,-1.08,开放申购,开放赎回,,,,
2021-10-22,1.1142,2.3605,,,1,0.24,开放申购,开放赎回,,,,
2021-10-21,1.1115,2.3578,,,1,3.68,开放申购,开放赎回,,,,
2021-10-20,1.0720,2.3183,,,1,-3.77,开放申购,开放赎回,,,,
2021-10-19,1.1140,2.3603,,,1,-0.93,开放申购,开放赎回,,,,
2021-10-18,1.1245,2.3708,,,1,0.54,开放申购,开放赎回,,,,
2021-10-15,1.1185,2.3648,,,1,1.72,开放申购,开放赎回,,,,
2021-10-14,1.0996,2.3459,,,1,-2.13,开放申购,开放赎回,,,,
2021-10-13,1.1235,2.3698,,,1,-2.31,开放申购,开放赎回,,,,
2021-10-12,1.1501,2.3964,,,1,0.39,开放申购,开放赎回,,,,
2021-10-11,1.1456,2.3919,,,1,1.83,开放申购,开放赎回,,,,
2021-10-08,1.1250,2.3713,,,1,-2.76,开放申购,开放赎回,,,,
2021-09-30,1.1569,2.4032,,,1,2.48,开放申购,开放赎回,,,,
2021-09-29,1.1289,2.3752,,,1,-0.27,开放申购,开放赎回,,,,
2021-09-28,1.1319,2.3782,,,1,5.45,开放申购,开放赎回,,,,
2021-09-27,1.0734,2.3197,,,1,-3.24,开放申购,开放赎回,,,,
2021-09-24,1.1093,2.3556,,,1,-1.46,开放申购,开放赎回,,,,
2021-09-23,1.1257,2.3720,,,1,1.53,开放申购,开放赎回,,,,
2021-09-22,1.1087,2.3550,,,1,4.67,开放申购,开放赎回,,,,
2021-09-17,1.0592,2.3055,,,1,0.04,开放申购,开放赎回,,,,
2021-09-16,1.0588,2.3051,,,1,-2.63,开放申购,开放赎回,,,,
2021-09-15,1.0874,2.3337,,,1,-2.25,开放申购,开放赎回,,,,
2021-09-14,1.1124,2.3587,,,1,-3.60,开放申购,开放赎回,,,,
2021-09-13,1.1540,2.4003,,,1,2.24,开放申购,开放赎回,,,,
2021-09-10,1.1287,2.3750,,,1,0.52,开放申购,开放赎回,,,,
2021-09-09,1.1229,2.3692,,,1,0.34,开放申购,开放赎回,,,,
2021-09-08,1.1191,2.3654,,,1,0.61,开放申购,开放赎回,,,,
2021-09-07,1.1123,2.3586,,,1,1.39,开放申购,开放赎回,,,,
2021-09-06,1.0971,2.3434,,,1,0.27,开放申购,开放赎回,,,,
2021-09-03,1.0942,2.3405,,,1,-0.82,开放申购,开放赎回,,,,
2021-09-02,1.1032,2.3495,,,1,2.08,开放申购,开放赎回,,,,
2021-09-01,1.0807,2.3270,,,1,4.21,开放申购,开放赎回,,,,
2021-08-31,1.0370,2.2833,,,1,2.75,开放申购,开放赎回,,,,
2021-08-30,1.0092,2.2555,,,1,-1.56,开放申购,开放赎回,,,,
2021-08-27,1.0252,2.2715,,,1,-1.05,开放申购,开放赎回,,,,
2021-08-26,1.0361,2.2824,,,1,-1.30,开放申购,开放赎回,,,,
2021-08-25,1.0497,2.2960,,,1,-0.10,开放申购,开放赎回,,,,
2021-08-24,1.0508,2.2971,,,1,-0.08,开放申购,开放赎回,,,,
2021-08-23,1.0516,2.2979,,,1,0.30,开放申购,开放赎回,,,,
2021-08-20,1.0485,2.2948,,,1,0.35,开放申购,开放赎回,,,,
2021-08-19,1.0448,2.2911,,,1,-2.13,开放申购,开放赎回,,,,
2021-08-18,1.0675,2.3138,,,1,1.08,开放申购,开放赎回,,,,
2021-08-17,1.0561,2.3024,,,1,0.10,开放申购,开放赎回,,,,
2021-08-16,1.0550,2.3013,,,1,1.52,开放申购,开放赎回,,,,
2021-08-13,1.0392,2.2855,,,1,-0.32,开放申购,开放赎回,,,,
2021-08-12,1.0425,2.2888,,,1,-1.59,开放申购,开放赎回,,,,
2021-08-11,1.0593,2.3056,,,1,4.26,开放申购,开放赎回,,,,
2021-08-10,1.0160,2.2623,,,1,0.96,开放申购,开放赎回,,,,
2021-08-09,1.0063,2.2526,,,1,5.53,开放申购,开放赎回,,,,
2021-08-06,0.9536,2.1999,,,1,0.07,开放申购,开放赎回,,,,
2021-08-05,0.9529,2.1992,,,1,1.49,开放申购,开放赎回,,,,
2021-08-04,0.9389,2.1852,,,1,-0.87,开放申购,开放赎回,,,,
2021-08-03,0.9471,2.1934,,,1,-0.45,开放申购,开放赎回,,,,
2021-08-02,0.9514,2.1977,,,1,1.84,开放申购,开放赎回,,,,
2021-07-30,0.9342,2.1805,,,1,-0.14,开放申购,开放赎回,,,,
2021-07-29,0.9355,2.1818,,,1,-0.27,开放申购,开放赎回,,,,
2021-07-28,0.9380,2.1843,,,1,-0.27,开放申购,开放赎回,,,,
2021-07-27,0.9405,2.1868,,,1,-3.90,开放申购,开放赎回,,,,
2021-07-26,0.9787,2.2250,,,1,-4.96,开放申购,开放赎回,,,,
2021-07-23,1.0298,2.2761,,,1,-2.01,开放申购,开放赎回,,,,
2021-07-22,1.0509,2.2972,,,1,1.44,开放申购,开放赎回,,,,
2021-07-21,1.0360,2.2823,,,1,-1.38,开放申购,开放赎回,,,,
2021-07-20,1.0505,2.2968,,,1,-0.82,开放申购,开放赎回,,,,
2021-07-19,1.0592,2.3055,,,1,-1.54,开放申购,开放赎回,,,,
2021-07-16,1.0758,2.3221,,,1,-0.54,开放申购,开放赎回,,,,
2021-07-15,1.0816,2.3279,,,1,0.74,开放申购,开放赎回,,,,
2021-07-14,1.0737,2.3200,,,1,-1.81,开放申购,开放赎回,,,,
2021-07-13,1.0935,2.3398,,,1,0.60,开放申购,开放赎回,,,,
2021-07-12,1.0870,2.3333,,,1,-0.82,开放申购,开放赎回,,,,
2021-07-09,1.0960,2.3423,,,1,-0.15,开放申购,开放赎回,,,,
2021-07-08,1.0976,2.3439,,,1,-1.06,开放申购,开放赎回,,,,
2021-07-07,1.1094,2.3557,,,1,-1.13,开放申购,开放赎回,,,,
2021-07-06,1.1221,2.3684,,,1,2.32,开放申购,开放赎回,,,,
2021-07-05,1.0967,2.3430,,,1,-0.72,开放申购,开放赎回,,,,
2021-07-02,1.1047,2.3510,,,1,-1.87,开放申购,开放赎回,,,,
2021-07-01,1.1258,2.3721,,,1,2.27,开放申购,开放赎回,,,,
2021-06-30,1.1008,2.3471,,,1,-0.01,开放申购,开放赎回,,,,
2021-06-29,1.1009,2.3472,,,1,-0.43,开放申购,开放赎回,,,,
2021-06-28,1.1057,2.3520,,,1,-0.60,开放申购,开放赎回,,,,
2021-06-25,1.1124,2.3587,,,1,0.75,开放申购,开放赎回,,,,
2021-06-24,1.1041,2.3504,,,1,-0.11,开放申购,开放赎回,,,,
2021-06-23,1.1053,2.3516,,,1,0.66,开放申购,开放赎回,,,,
2021-06-22,1.0980,2.3443,,,1,0.09,开放申购,开放赎回,,,,
2021-06-21,1.0970,2.3433,,,1,-1.47,开放申购,开放赎回,,,,
2021-06-18,1.1134,2.3597,,,1,-0.74,开放申购,开放赎回,,,,
2021-06-17,1.1217,2.3680,,,1,0.11,开放申购,开放赎回,,,,
2021-06-16,1.1205,2.3668,,,1,0.39,开放申购,开放赎回,,,,
2021-06-15,1.1162,2.3625,,,1,-2.14,开放申购,开放赎回,,,,
2021-06-11,1.1406,2.3869,,,1,-0.14,开放申购,开放赎回,,,,
2021-06-10,1.1422,2.3885,,,1,-0.74,开放申购,开放赎回,,,,
2021-06-09,1.1507,2.3970,,,1,-0.60,开放申购,开放赎回,,,,
2021-06-08,1.1576,2.4039,,,1,0.03,开放申购,开放赎回,,,,
2021-06-07,1.1573,2.4036,,,1,-1.82,开放申购,开放赎回,,,,
2021-06-04,1.1788,2.4251,,,1,-0.09,开放申购,开放赎回,,,,
2021-06-03,1.1799,2.4262,,,1,-0.02,开放申购,开放赎回,,,,
2021-06-02,1.1801,2.4264,,,1,0.22,开放申购,开放赎回,,,,
2021-06-01,1.1775,2.4238,,,1,0.12,开放申购,开放赎回,,,,
2021-05-31,1.1761,2.4224,,,1,-0.93,开放申购,开放赎回,,,,
2021-05-28,1.1872,2.4335,,,1,-0.52,开放申购,开放赎回,,,,
2021-05-27,1.1934,2.4397,,,1,0.43,开放申购,开放赎回,,,,
2021-05-26,1.1883,2.4346,,,1,1.04,开放申购,开放赎回,,,,
2021-05-25,1.1761,2.4224,,,1,1.21,开放申购,开放赎回,,,,
2021-05-24,1.1620,2.4083,,,1,-0.87,开放申购,开放赎回,,,,
2021-05-21,1.1722,2.4185,,,1,-0.82,开放申购,开放赎回,,,,
2021-05-20,1.1819,2.4282,,,1,-0.06,开放申购,开放赎回,,,,
2021-05-19,1.1826,2.4289,,,1,-1.26,开放申购,开放赎回,,,,
2021-05-18,1.1977,2.4440,,,1,0.67,开放申购,开放赎回,,,,
2021-05-17,1.1897,2.4360,,,1,0.29,开放申购,开放赎回,,,,
2021-05-14,1.1863,2.4326,,,1,1.62,开放申购,开放赎回,,,,
2021-05-13,1.1674,2.4137,,,1,0.54,开放申购,开放赎回,,,,
2021-05-12,1.1611,2.4074,,,1,-0.61,开放申购,开放赎回,,,,
2021-05-11,1.1682,2.4145,,,1,0.36,开放申购,开放赎回,,,,
2021-05-10,1.1640,2.4103,,,1,-2.08,开放申购,开放赎回,,,,
2021-05-07,1.1887,2.4350,,,1,-0.27,开放申购,开放赎回,,,,
2021-05-06,1.1919,2.4382,,,1,-0.36,开放申购,开放赎回,,,,
2021-04-30,1.1962,2.4425,,,1,-2.06,开放申购,开放赎回,,,,
2021-04-29,1.2214,2.4677,,,1,1.59,开放申购,开放赎回,,,,
2021-04-28,1.2023,2.4486,,,1,1.06,开放申购,开放赎回,,,,
2021-04-27,1.1897,2.4360,,,1,0.05,开放申购,开放赎回,,,,
2021-04-26,1.1891,2.4354,,,1,-1.05,开放申购,开放赎回,,,,
2021-04-23,1.2017,2.4480,,,1,-0.72,开放申购,开放赎回,,,,
2021-04-22,1.2104,2.4567,,,1,0.13,开放申购,开放赎回,,,,
2021-04-21,1.2088,2.4551,,,1,-0.18,开放申购,开放赎回,,,,
2021-04-20,1.2110,2.4573,,,1,-0.19,开放申购,开放赎回,,,,
2021-04-19,1.2133,2.4596,,,1,1.06,开放申购,开放赎回,,,,
2021-04-16,1.2006,2.4469,,,1,1.27,开放申购,开放赎回,,,,
2021-04-15,1.1855,2.4318,,,1,0.21,开放申购,开放赎回,,,,
2021-04-14,1.1830,2.4293,,,1,1.16,开放申购,开放赎回,,,,
2021-04-13,1.1694,2.4157,,,1,-0.43,开放申购,开放赎回,,,,
2021-04-12,1.1744,2.4207,,,1,-0.32,开放申购,开放赎回,,,,
2021-04-09,1.1782,2.4245,,,1,-0.13,开放申购,开放赎回,,,,
2021-04-08,1.1797,2.4260,,,1,-1.09,开放申购,开放赎回,,,,
2021-04-07,1.1927,2.4390,,,1,1.07,开放申购,开放赎回,,,,
2021-04-06,1.1801,2.4264,,,1,-0.25,开放申购,开放赎回,,,,
2021-04-02,1.1831,2.4294,,,1,0.63,开放申购,开放赎回,,,,
2021-04-01,1.1757,2.4220,,,1,0.26,开放申购,开放赎回,,,,
2021-03-31,1.1727,2.4190,,,1,-1.09,开放申购,开放赎回,,,,
2021-03-30,1.1856,2.4319,,,1,0.63,开放申购,开放赎回,,,,
2021-03-29,1.1782,2.4245,,,1,0.03,开放申购,开放赎回,,,,
2021-03-26,1.1779,2.4242,,,1,0.42,开放申购,开放赎回,,,,
2021-03-25,1.1730,2.4193,,,1,-0.29,开放申购,开放赎回,,,,
2021-03-24,1.1764,2.4227,,,1,-2.04,开放申购,开放赎回,,,,
2021-03-23,1.2009,2.4472,,,1,-1.41,开放申购,开放赎回,,,,
2021-03-22,1.2181,2.4644,,,1,0.91,开放申购,开放赎回,,,,
2021-03-19,1.2071,2.4534,,,1,-2.83,开放申购,开放赎回,,,,
2021-03-18,1.2423,2.4886,,,1,0.26,开放申购,开放赎回,,,,
2021-03-17,1.2391,2.4854,,,1,0.36,开放申购,开放赎回,,,,
2021-03-16,1.2346,2.4809,,,1,2.89,开放申购,开放赎回,,,,
2021-03-15,1.1999,2.4462,,,1,-0.37,开放申购,开放赎回,,,,
2021-03-12,1.2043,2.4506,,,1,0.85,开放申购,开放赎回,,,,
2021-03-11,1.1942,2.4405,,,1,1.28,开放申购,开放赎回,,,,
2021-03-10,1.1791,2.4254,,,1,-0.92,开放申购,开放赎回,,,,
2021-03-09,1.1900,2.4363,,,1,-1.64,开放申购,开放赎回,,,,
2021-03-08,1.2099,2.4562,,,1,-1.57,开放申购,开放赎回,,,,
2021-03-05,1.2292,2.4755,,,1,-1.97,开放申购,开放赎回,,,,
2021-03-04,1.2539,2.5002,,,1,-2.42,开放申购,开放赎回,,,,
2021-03-03,1.2850,2.5313,,,1,1.28,开放申购,开放赎回,,,,
2021-03-02,1.2687,2.5150,,,1,-1.11,开放申购,开放赎回,,,,
2021-03-01,1.2829,2.5292,,,1,1.34,开放申购,开放赎回,,,,
2021-02-26,1.2659,2.5122,,,1,-3.60,开放申购,开放赎回,,,,
2021-02-25,1.3132,2.5595,,,1,6.19,开放申购,开放赎回,,,,
2021-02-24,1.2366,2.4829,,,1,0.06,开放申购,开放赎回,,,,
2021-02-23,1.2359,2.4822,,,1,-1.58,开放申购,开放赎回,,,,
2021-02-22,1.2557,2.5020,,,1,1.30,开放申购,开放赎回,,,,
2021-02-19,1.2396,2.4859,,,1,1.88,开放申购,开放赎回,,,,
2021-02-18,1.2167,2.4630,,,1,2.74,开放申购,开放赎回,,,,
2021-02-10,1.1843,2.4306,,,1,0.03,开放申购,开放赎回,,,,
2021-02-09,1.1839,2.4302,,,1,-0.23,开放申购,开放赎回,,,,
2021-02-08,1.1866,2.4329,,,1,1.32,开放申购,开放赎回,,,,
2021-02-05,1.1711,2.4174,,,1,1.88,开放申购,开放赎回,,,,
2021-02-04,1.1495,2.3958,,,1,-0.89,开放申购,开放赎回,,,,
2021-02-03,1.1598,2.4061,,,1,0.15,开放申购,开放赎回,,,,
2021-02-02,1.1581,2.4044,,,1,0.96,开放申购,开放赎回,,,,
2021-02-01,1.1471,2.3934,,,1,1.37,开放申购,开放赎回,,,,
2021-01-29,1.1316,2.3779,,,1,-1.73,开放申购,开放赎回,,,,
2021-01-28,1.1515,2.3978,,,1,-2.02,开放申购,开放赎回,,,,
2021-01-27,1.1752,2.4215,,,1,-0.25,开放申购,开放赎回,,,,
2021-01-26,1.1781,2.4244,,,1,0.60,开放申购,开放赎回,,,,
2021-01-25,1.1711,2.4174,,,1,-0.58,开放申购,开放赎回,,,,
2021-01-22,1.1779,2.4242,,,1,-1.69,开放申购,开放赎回,,,,
2021-01-21,1.1982,2.4445,,,1,-0.37,开放申购,开放赎回,,,,
2021-01-20,1.2026,2.4489,,,1,-1.03,开放申购,开放赎回,,,,
2021-01-19,1.2151,2.4614,,,1,2.09,开放申购,开放赎回,,,,
2021-01-18,1.1902,2.4365,,,1,2.36,开放申购,开放赎回,,,,
2021-01-15,1.1628,2.4091,,,1,0.28,开放申购,开放赎回,,,,
2021-01-14,1.1595,2.4058,,,1,-0.30,开放申购,开放赎回,,,,
2021-01-13,1.1630,2.4093,,,1,0.19,开放申购,开放赎回,,,,
2021-01-12,1.1608,2.4071,,,1,0.91,开放申购,开放赎回,,,,
2021-01-11,1.1503,2.3966,,,1,-0.35,开放申购,开放赎回,,,,
